{
    "name": "Iron Sickness",
    "description": "You will be damaged if you are holding or wearing something made of iron.",
    "condition": {
        "type": "origins:or",
        "conditions": [
            {
                "type": "origins:equipped_item",
                "equipment_slot": "mainhand",
                "item_condition": {
                    "type": "origins:ingredient",
                    "ingredient": {
                        "tag": "aigo:iron_shit"
                    }
                }
            },
            {
                "type": "origins:equipped_item",
                "equipment_slot": "offhand",
                "item_condition": {
                    "type": "origins:ingredient",
                    "ingredient": {
                        "tag": "aigo:iron_shit"
                    }
                }
            },
            {
                "type": "origins:equipped_item",
                "equipment_slot": "head",
                "item_condition": {
                    "type": "origins:ingredient",
                    "ingredient": {
                        "tag": "aigo:iron_shit"
                    }
                }
            },
            {
                "type": "origins:equipped_item",
                "equipment_slot": "chest",
                "item_condition": {
                    "type": "origins:ingredient",
                    "ingredient": {
                        "tag": "aigo:iron_shit"
                    }
                }
            },
            {
                "type": "origins:equipped_item",
                "equipment_slot": "legs",
                "item_condition": {
                    "type": "origins:ingredient",
                    "ingredient": {
                        "tag": "aigo:iron_shit"
                    }
                }
            },
            {
                "type": "origins:equipped_item",
                "equipment_slot": "feet",
                "item_condition": {
                    "type": "origins:ingredient",
                    "ingredient": {
                        "tag": "aigo:iron_shit"
                    }
                }
            }
        ]
    },
    "type": "origins:action_over_time",
    "interval": 40,
    "entity_action": {
        "type": "origins:damage",
        "amount": 2,
        "source": {
            "name": "magic",
            "bypasses_armor": true,
            "unblockable": true,
            "magic": true
        }
    }
}