{
    "name": "Freezing",
    "description": "You will freeze in cold biomes, unless you wear leather armor.",
    "condition": {
        "type": "origins:and",
        "conditions": [
            {
                "type": "origins:biome",
                "condition": {
                    "type": "origins:temperature",
                    "comparison": "<",
                    "compare_to": 0
                }
            },
            {
                "inverted": true,
                "type": "origins:and",
                "conditions": [
                    {
                        "type": "origins:equipped_item",
                        "equipment_slot": "head",
                        "item_condition": {
                            "type": "origins:ingredient",
                            "ingredient": {
                                "item": "minecraft:leather_helmet"
                            }
                        }
                    },
                    {
                        "type": "origins:equipped_item",
                        "equipment_slot": "chest",
                        "item_condition": {
                            "type": "origins:ingredient",
                            "ingredient": {
                                "item": "minecraft:leather_chestplate"
                            }
                        }
                    },
                    {
                        "type": "origins:equipped_item",
                        "equipment_slot": "legs",
                        "item_condition": {
                            "type": "origins:ingredient",
                            "ingredient": {
                                "item": "minecraft:leather_leggings"
                            }
                        }
                    },
                    {
                        "type": "origins:equipped_item",
                        "equipment_slot": "mainhand",
                        "item_condition": {
                            "type": "origins:ingredient",
                            "ingredient": {
                                "item": "minecraft:leather_boots"
                            }
                        }
                    }
                ]
            }
        ]
    },
    "type": "origins:freeze"
}