{
    "name": "Made of Water",
    "description": "You are slightly transparent out of water, and nearly entirely transparent in water.",
    "type": "origins:multiple",
    "transparent_water": {
        "condition": {
            "type": "origins:submerged_in",
            "fluid": "minecraft:water"
        },
        "type": "origins:model_color",
        "alpha": 0.2
    },
    "transparent_land": {
        "condition": {
            "inverted": true,
            "type": "origins:submerged_in",
            "fluid": "minecraft:water"
        },
        "type": "origins:model_color",
        "alpha": 0.9
    }
}